"train_accuracy","test_accuracy","precision","recall","f1_score","auc"
1,0.875,0.941176470588235,0.888888888888889,0.914285714285714,0.861111111111111
